id,size,bytes,fees,hash
xnvHfdf2D4rk4jnIoyLLkXrxyVWgt6t2,1,1002,207298,87e56e2ef35640444434dbe7d090f8515b3b2db42ada9898fdd28279a0d3c100
xnvHfdf2D4rk4jnIoyLLkXrxyVWgt6t2,2,1069,211049,9e4354d4d276f8b9f166bd810dfca56dabd52c21f326e5f156b1361f792f90c3
xnvHfdf2D4rk4jnIoyLLkXrxyVWgt6t2,3,1136,214800,32aa5673173b606cf1edd90cd4919f72a830d49812a278108c68dcc40256dc1e
bqnuC2Vv2A3JEWfGLA8ThcRmJ7Xz03h4,4,1204,218595,d39782559c18aae2a4342eb6724e293bd8e3e2226433c91fc8867420929b456d
bqnuC2Vv2A3JEWfGLA8ThcRmJ7Xz03h4,5,1273,222434,a14e7559e06970bda872ff99d8993adfed42941b56a7cc98dfde60151eb380fc
bqnuC2Vv2A3JEWfGLA8ThcRmJ7Xz03h4,6,1340,226185,4f08b2f5c3451e27f72331c343b67f991d75499b6d52ca40d0a03c693de1ff92
bqnuC2Vv2A3JEWfGLA8ThcRmJ7Xz03h4,7,1407,229936,c927f8322bc60cc1d58beafa646293172a0d18509f51e7913939cd7adc71f50f
bqnuC2Vv2A3JEWfGLA8ThcRmJ7Xz03h4,8,1474,233687,67d57c1ee197ac86f01d166da3cb9a02e82369802d7c41915cab73e7b41a8ead
bqnuC2Vv2A3JEWfGLA8ThcRmJ7Xz03h4,9,1541,237438,73469042d0b86b413e0dd3dfd908dfbe1b813c6833e4f79cea1bc5313f1a63db
VjbQ5sBnPLu5USiAT8LR8dJmMRYZsqdU,10,1608,241189,c52e927bbfdba247b3527f61b8e0534b4a044e967787aa0129012ccb230466c8
VjbQ5sBnPLu5USiAT8LR8dJmMRYZsqdU,20,2278,278699,1d45b5c66bbc582a832a410057865cbb144bf2240fbbbdd9dd2f3c83270301e4
VjbQ5sBnPLu5USiAT8LR8dJmMRYZsqdU,30,2950,316312,92a0f2aeb5384fe2d146d96cb9645d81d292a67345df1b25d1bdae87ae0d29d8
VjbQ5sBnPLu5USiAT8LR8dJmMRYZsqdU,40,3620,353821,cbfeedfb5d684f3120157cde266b5e91536f537a55f74aa590daf8a9549c0e6e
VjbQ5sBnPLu5USiAT8LR8dJmMRYZsqdU,50,4290,391331,6842af62b7090fe03a6917e7cdb8724c87ae07587b5ea9f5e9cd482bc439b563
VjbQ5sBnPLu5USiAT8LR8dJmMRYZsqdU,60,4960,428841,b95f446e62bb8914bc316ed32c0e6e11a023ded5d86eb1687357a7d16a1dfe6b
VjbQ5sBnPLu5USiAT8LR8dJmMRYZsqdU,70,5630,466351,b0873ed9db70aa7f6aec37ec863e9e05975f4d30f74f5e4b99b00db03bbe4ef8
VjbQ5sBnPLu5USiAT8LR8dJmMRYZsqdU,80,6300,503861,9f41db599b5bbd7a0ad7f20c1600472dc0a6e682772e57dcb3d002f32a1059fe
VjbQ5sBnPLu5USiAT8LR8dJmMRYZsqdU,90,6970,541371,7f998982646b4532235f1a45084214742122cec21834642505cfcc3f6d80336c
BxtSBSw0j0Yz4nQgOWbLvi75YhogR5xt,100,7640,578880,cf88f1f2ca4d3bc496cc3c62da8e65081ebb9d58a7a2eff6eb8f09261cf6abf4